{
	"trade": {
		"id":"XA12891231",
		"buy":{
			"amount":12000,
			"currency":"EUR"
		},
		"sell":{
			"amount":10000,
			"currency":"GBP"
		},
		"margin":15,
		"dealer":"Tony Stark"
	},
	"client": {
		"id":"007",
		"name":"Super Client Company Ltd.",
		"type":"Corporate",
		"phone":"0172 1234567",
		"net_position":12121.2,
		"main_contact":{
			"name":"John Show",
			"position":"Head of Marketing of The Wall"
		},
		"dealer":"Jane Doe",
		"last_login":"2016-11-19 10:04:48",
		"last_call":{
			"date":"2016-11-10 09:50:39",
			"contact":"Marry Poppins"
		}
	},
	"notes": [
		{
			"date":"Nov 10",
			"author":"Bruce Wayne",
			"text":"Well done!"
		},
		{
			"date":"Nov 10",
			"author":"Marry Poppins",
			"text":"Good to go"
		}
	]
}